Benjamin,Charlotte
Henry,Elijah
Olivia,William
Liam,Henry
Benjamin,Ava
Ava,Lucas
Emma,Evelyn
Olivia,James
James,Alexandar
Henry,Emma
Sophia,Henry
Emma,Oliver
Ava,Elijah
Benjamin,Olivia
Liam,Oliver
Sophia,Benjamin
Evelyn,Emma
William,Mia
Noah,Mia
Charlotte,Noah
Olivia,Henry
Isabella,Emma
Charlotte,Evelyn
Noah,Isabella
Noah,Evelyn
Evelyn,Charlotte
William,Isabella
Olivia,Liam
Lucas,Benjamin
Evelyn,James
Amelia,Sophia
Amelia,Noah
Emma,Benjamin
Noah,Lucas
Henry,Oliver
Sophia,Alexandar
Alexandar,William
Isabella,Olivia
Benjamin,Amelia
Evelyn,Alexandar
Charlotte,James
Liam,Lucas
Sophia,Liam
Isabella,Elijah
Henry,Charlotte
Elijah,Ava
Isabella,Evelyn
Isabella,Henry
Lucas,Isabella
Charlotte,Liam
Charlotte,Mia
Ava,William
Charlotte,Oliver
Oliver,Isabella
Oliver,Charlotte
Ava,Alexandar
Emma,Ava
James,Henry
Noah,James
Elijah,Charlotte
Isabella,Sophia
Mia,Henry
Henry,Ava
Olivia,Sophia
Amelia,Isabella
Oliver,Mia
William,Sophia
Lucas,Alexandar
Liam,Benjamin
Ava,Sophia
Amelia,Benjamin
James,Amelia
Emma,Sophia
Noah,Elijah
Isabella,William
James,Emma
Emma,Olivia
Henry,Isabella
James,Charlotte
William,Olivia
Olivia,Benjamin
Evelyn,Liam
Lucas,Ava
